id,filename,md5,size,state
9011fb8f-0cc0-443e-bac4-38bf21425dc9,TCGA-B0-5088-01Z-00-DX1.69bb79f8-33cc-4c9c-be63-323e5470fdde.svs,7c4616dbbbe401000e3cee456de6a7f2,953374537,released
3f6b7888-c7c3-4e6a-8d54-364ad608e8d0,TCGA-B0-4712-01Z-00-DX1.b584d650-4bdd-452c-9926-18a1a8388d91.svs,106c3c83c49bed6f5ba584f9d02a76c4,1438389521,released
20ddf02c-9405-4647-a311-8d6f16acc619,TCGA-BP-4965-01Z-00-DX1.80afb4f3-e44e-4e99-8047-102be4aad2de.svs,9c96d99b6d7aea23ff9e7b75ba46cdb6,1296670650,released
83dd1e46-902e-4b62-b712-76068585b7d3,TCGA-DV-5565-01Z-00-DX1.41c51988-2bbf-4745-af8e-d45788995fca.svs,825a91e8fdf2f4d4a9c5f770a64d5d05,463150569,released
14ac6971-ad6c-4a45-80bb-3ca8955f1eae,TCGA-B0-5693-01Z-00-DX1.357ab4bd-c410-4843-96a2-8b6c5b56d9d6.svs,13daf35dfc125a05b68327f23663768a,1002058871,released
37bd9089-3d7f-47a3-a156-41f0c2abedc1,TCGA-BP-5009-01Z-00-DX1.54e2bdc1-1010-4f1f-9eea-e4a7e2c12341.svs,f3549281166fcb3300eefc49e292cde7,1096791708,released
7954aa86-cf8a-4207-9708-814648ff6aa2,TCGA-BP-4986-01Z-00-DX1.5ec99523-8b9a-482a-8e74-f5b9a076a986.svs,aeb245075ba3fc2e0307c510a5f46414,953396868,released
2fe13c10-d347-47cb-a520-657076b47345,TCGA-BP-5201-01Z-00-DX1.d1a9878e-bb97-48fb-9098-9d9337f06250.svs,f6c2e649eb6c86364725a75f0c8e536e,353892051,released
14d67bc8-1881-4b1a-8a72-150fc3adb207,TCGA-DV-5567-01Z-00-DX1.646edc51-54e3-4999-8554-07f724b906a6.svs,028e5ed8e77ed00fac3b1805c769740f,352071493,released
e712ccac-6e90-4efb-8300-a8040e38cfda,TCGA-CZ-4865-01Z-00-DX1.54659e9f-398c-45d9-93c9-35a75ca62509.svs,64c0021f22144be9febdc5ef54f190e8,784580626,released
25a1edcc-cf2b-4cc4-b90d-214616ee344c,TCGA-B2-5639-01Z-00-DX1.96ee3f26-65d8-4c4a-ad5b-eb396627f5bb.svs,4ff915485744d918f2ed84e8453edacb,362496337,released
f26fbb60-cf36-4aa1-a98b-1ee811e9c5ef,TCGA-B8-A54K-01Z-00-DX1.F23402E5-5F94-4B66-80C1-A136578CC450.svs,1b8569ab4a370d3b858b1ec144647f40,1092258916,released
e545db58-1095-45cc-a587-5255ffb26a81,TCGA-BP-5006-01Z-00-DX1.98cb6ac9-bb30-4b71-aa66-0d08f80ecd55.svs,62dedbd7ca9b998ce50607af372389cc,1297943340,released
d41069c8-1094-4674-bc96-4cf7f459b851,TCGA-B2-4098-01Z-00-DX1.d0dbc3f3-d381-4e80-954f-57aebb2c7103.svs,8a168f2c2d8111a2b2b91cb9ea0c7814,431345957,released
3868b67e-4c71-4b36-b00f-c929057e555d,TCGA-AK-3427-01Z-00-DX1.bddd6316-1f27-40d7-8cdc-e19e58ef420d.svs,24161dd7dc78080fb0bf7577060ad985,322035201,released
fb87e85b-a412-4964-8ae4-2da6175b61c6,TCGA-AK-3427-01Z-00-DX2.f79ddc05-97bc-49a0-9e0b-25f5e325555a.svs,75e220c41dbcaade847d2382c420cf65,317788471,released
7a42a523-421f-49fd-9cf7-7d88143b30b9,TCGA-DV-5566-01Z-00-DX1.715a6d3c-1172-4f06-8077-32d2a4efb5b3.svs,f75558879c7bdae58e62494e98c918ff,818135307,released
4d072bd3-78fe-44a4-a88b-d8f0995950ad,TCGA-CJ-4643-01Z-00-DX1.50F38125-1825-4B66-A171-4C92279E306D.svs,3cfc0ec1a10608e18c58562a36d3599e,1542448517,released
3ac04ed4-4451-46ca-acee-0c3a162dfb01,TCGA-B0-5703-01Z-00-DX1.c358bcd6-0d76-459d-862d-041ab3ebb496.svs,163254df2f734761fd776768695df2b9,973195537,released
434bc295-8c9e-41fb-97f2-fdab7cb3a47d,TCGA-AK-3426-01Z-00-DX1.65794348-1156-4211-B63A-AE2FFF1B0C26.svs,6bbd1dc774c561e2913cb269bd767198,605877895,released
4be72a39-381d-48c2-87c9-221b40eb81cb,TCGA-BP-5180-01Z-00-DX1.accba421-72e5-41f9-8830-ef4aa84e79ec.svs,25d71ac49c48ff49a159e84e32df83ce,833358952,released
4a159354-26f1-4378-9953-b04fdd96cf7a,TCGA-A3-3362-01Z-00-DX1.69196ce3-b7ec-4e76-966d-18aeb48f103c.svs,72653876acd38ca4026fdc0d259bde33,142766053,released
bd92cff5-1b7e-4fd5-a15b-3353945e6148,TCGA-B0-5713-01Z-00-DX1.afdee2d7-be99-4a3f-addf-b4942b891e7a.svs,5c78d9995c78f446d31ed977816b0a94,815442335,released
a6f67f61-3c77-4b7d-be80-7f510a985d3c,TCGA-B8-4146-01Z-00-DX1.0F0EECE2-3ECC-4CEB-AAAC-DCE2AAF8E7CA.svs,7ce8e2044245a93503cd2bada0bd9c28,269618177,released
f2524bdf-18a5-45c7-b2be-fb0a535165ea,TCGA-BP-4977-01Z-00-DX1.b40b5355-757d-42cc-91b2-333871afbb57.svs,e3fb30717b3e22d2cffa12d96b158768,1054246906,released
06ef22fc-5867-47c9-af1e-a43c4d217171,TCGA-BP-4981-01Z-00-DX1.9f97b4b6-e251-42dc-8d95-72c79063f344.svs,4f9a18aef50dbf4fa6f3923026e56ffb,1158329676,released
d367f59f-18db-4e50-8fc7-d4b16998888d,TCGA-A3-A8CQ-01Z-00-DX1.78DA0827-5FB8-4B9F-A845-22F85830B5FB.svs,7e46a0d7a14e4275974f07bfcb754fa2,118398026,released
64699509-b684-4ef6-b293-a3b7bd13c2a9,TCGA-B8-4151-01Z-00-DX1.70d1897f-f121-4e02-a028-91fadeff2229.svs,f44c76b8af9963be6377331281d6fc19,691787047,released
198b2a6f-68db-4f15-90c1-296c6bfbc080,TCGA-BP-5008-01Z-00-DX1.55205080-0d2f-4abb-a2bf-9c0044b40a81.svs,cf8b34085779952afb72210f8985998e,1076489688,released
8d01c4ae-fecd-4b31-a205-8f2032ba230a,TCGA-B2-4101-01Z-00-DX1.ea5f7fc4-e8f5-45ad-b439-f39c5c26fb63.svs,8c2954f12509cc4da35441cb64835d8b,482001131,released
3b16f9b7-dfc1-4964-88a1-1175b8b26b64,TCGA-B4-5377-01Z-00-DX1.E4AA3C18-D6A3-47C5-9FA9-38238F075DAB.svs,7a796e8424d75bc3d1d98f4fde4c8b6a,430591901,released
c350bdab-0604-46dc-8d38-4b097b955998,TCGA-B8-5163-01Z-00-DX1.7e349a4e-7d00-4fc0-a754-52322827906c.svs,e5c2c95e4365ae756288732316705d92,1175148514,released
70690b69-c75c-4479-9316-316e4ffb090c,TCGA-B0-5092-01Z-00-DX1.9b3a2c5c-4614-41bc-973c-601ad1f4d962.svs,7e4098f6c1e9ad03273bd5701fe38239,665646597,released
6b47a483-9dfc-442b-8193-8638d09048f0,TCGA-CJ-4912-01Z-00-DX1.28805E39-F07A-40FF-8810-162BED671E17.svs,c351afaa9cf75c1dc912d5b069d64de6,1344800535,released
b1453e3f-43eb-4786-a240-532777f48d3f,TCGA-BP-4964-01Z-00-DX1.b7ed6f65-4382-4f19-8fef-1e677cadde75.svs,e09354765a928ecf5bb8498690909c42,347716418,released
3eabeeea-1f5b-4e8c-b343-200fcdd19a5b,TCGA-T7-A92I-01Z-00-DX3.FC717D92-13BD-4968-8E82-0CC53EB6D5D1.svs,658a5073f9e475e4e4c992f3b2ff60df,1460679220,released
430a1f3c-5c08-44cf-8dd1-ff1d954175a5,TCGA-T7-A92I-01Z-00-DX1.3B036C1D-F8A7-475F-9830-C0972AD3889F.svs,df34c207309030150911f5cba5ffcc78,1503952446,released
4a196638-093e-464c-b090-34e6167e9654,TCGA-BP-4167-01Z-00-DX1.26d14577-75fd-4c0d-8ebd-3a6a8b240bff.svs,0825a48320296e562f5b0a0b84279a58,853817874,released
fbf0fdc2-1f60-49ab-9450-5d29baa02e05,TCGA-BP-4163-01Z-00-DX1.1dc1c4fb-2691-42f8-b62f-c51db47b30dc.svs,36c86a4d736cfa507cf64c789b8044ad,725688858,released
f994144f-9bb7-427e-9f95-ad5038303bb1,TCGA-B0-5106-01Z-00-DX1.564e51a3-be50-4eed-ba9c-4d478b96ffc6.svs,0e63597bb949d32b3344b798e1b4adf7,840238371,released
d100953d-184b-4c0c-a27d-e5bab0013e9d,TCGA-B8-5158-01Z-00-DX1.bf87760d-1ce2-4df9-a1a5-74f90d668ef2.svs,5aead0c9dc92b0ff549af97d1ec7e012,1649161332,released
801fa755-dccb-4f64-b46c-22ee53279645,TCGA-CJ-5672-01Z-00-DX1.E319BB3C-61C0-4324-A448-57B5EC921C17.svs,fb04cf11ed097428cbe962789b625318,713292410,released
a9d65c60-1f86-4912-9e7f-25248c5b0bdd,TCGA-B8-A54G-01Z-00-DX1.0EDB6818-907C-4C37-8645-628850202AD0.svs,ab92541a5babc9526530225b65eefd50,1411329928,released
f64e0ea0-9bf0-4952-b733-df4416673c1b,TCGA-BP-5200-01Z-00-DX1.857a5a60-4cbb-4aa1-ad71-2de6e7e1df30.svs,161ed40ce8fa170db3328de97296c67e,764251526,released
c80d02c8-276f-4bd4-b2c1-7fb2ff944d47,TCGA-CZ-5987-01Z-00-DX1.b9be10de-122d-4cef-961f-298c359e513d.svs,cb5c18b86552aa176552a4ae50ec393f,1120491679,released
2d2e2d21-4d36-4824-ae17-6dbfcdddfcbf,TCGA-BP-5187-01Z-00-DX1.638c8e8b-090f-4312-89ad-92ccfc1eaa7b.svs,e542878dd06e251e9736cf3ac15c914e,715120104,released
5115cfbc-b07d-47a6-84c0-db69e01286d4,TCGA-B0-5119-01Z-00-DX1.0efec19e-0a46-4951-926b-d172fb90b2a1.svs,9e39192bff350cf460f3a99cdeaaf860,969482943,released
3449a433-429c-4fbe-bb31-b5d12d80d244,TCGA-CJ-6032-01Z-00-DX1.37FA1176-310F-4A01-B944-501129FB797D.svs,1facbc77c7efc194cc34ec2855a8d332,1591143409,released
c860e13a-7198-4e2a-a0b8-94526c11b869,TCGA-B0-5709-01Z-00-DX1.8e4b701a-1ef7-4d79-a562-0f316c696984.svs,4c7f8af800099080ee13684457ccb078,1134567813,released
0a2a3ea8-fe81-42e6-b313-e2d08d126dcb,TCGA-BP-4970-01Z-00-DX1.0075f8d7-796e-4294-b585-3a0bdc29235a.svs,545f87dd869e21b44e9d3db3753012d3,824437726,released
4cda64e1-1aee-4e25-93ab-504a531d15ac,TCGA-BP-4963-01Z-00-DX1.7e206961-5271-40d3-a96c-c529499afc7d.svs,0e9180f9efe2e61e7e504e055cd22878,1224318236,released
9ae2309d-02ee-42cb-bfa8-5c81ac7ea947,TCGA-BP-4770-01Z-00-DX1.d8a5f4f9-c07d-4465-823f-6c4b3759b4ad.svs,b1552b62eeca93200cd0d2e6f443ef8e,304973586,released
d4e286dc-99eb-429c-b949-4f89542d65e8,TCGA-BP-5173-01Z-00-DX1.2f2d1b0c-7579-4c77-bccd-04cbf0957897.svs,d587d2aa1a7e3257223bf2000d4842a6,1404626486,released
c86ea42a-8d8b-4873-9ce3-d582a12901c1,TCGA-MM-A563-01Z-00-DX1.97A1F7D9-4156-4061-88BB-31EF1FC7B7F9.svs,dc877a0d1bad834ab51d3d2d3a2dd03e,1121261199,released
65d9d196-0e85-4b5a-8896-553b0cd2db24,TCGA-B0-4823-01Z-00-DX1.9a23a831-7fc7-404c-b195-b3b999b8dfe2.svs,602295f308b41f10627ccd6c4bc2e5c4,1011880443,released
774514e6-4ec2-4697-86ba-b8f3df2fb1e3,TCGA-A3-A6NI-01Z-00-DX1.F7C8BE3C-D2B9-4374-BBB7-64C7CE11C0E1.svs,de7afb60efa765df6b8b2f903a0fb0a4,562620148,released
4df4c0c4-7564-48b3-a0e2-abfeb589ad19,TCGA-B0-4821-01Z-00-DX1.794eb92f-941b-46a8-9aba-fa702408b772.svs,1091d09e28b498a0ace792189f8d9783,865437361,released
20fdbf7f-e077-485c-be06-69bd89dae836,TCGA-AK-3465-01Z-00-DX1.17a6b1da-f8b4-4bfb-98f0-6cf6a71f27d7.svs,601eb410fa4c4588621ce2a97847a9f4,258879861,released
b6b3e7c3-c7c5-470b-a0e7-5534b83fdfb8,TCGA-A3-3322-01Z-00-DX1.9d583339-7726-4eab-a3fb-1a1f2abf8fcf.svs,7e654a452187bc1ae1e96d94df638d6a,223227723,released
df51cf10-4192-4b76-b990-af8d9f667904,TCGA-CZ-5462-01Z-00-DX1.270f84aa-9ae5-4de7-adb3-8b3ea53aeba1.svs,b2c09e915f36f141c737387bdeaaebd2,715789069,released
9a90cac7-8bd8-43d6-840e-341ae96af81d,TCGA-BP-5183-01Z-00-DX1.f84b4982-b51e-4220-a80b-767ecbb3e20f.svs,10d1aea588f02239feca642440fee3a4,343498454,released
f200ec26-5d74-417d-94c7-5cab659a1eda,TCGA-B0-5080-01Z-00-DX1.488e6d8d-2cd8-4fa5-a5fb-2c2c54a36dcb.svs,ed406c547d056a6dadf5eb511123a6a8,263352403,released
b468381b-93d0-436c-95fe-dce581e733e8,TCGA-B0-4816-01Z-00-DX1.6cc0b334-b885-4cdc-a2a8-cd3efaa2e241.svs,48e6ee9406c7f7d7c78314a9198cafa5,1140962779,released
f037a546-588a-47eb-969e-34cf444c0860,TCGA-CJ-4901-01Z-00-DX1.F720CF55-2204-4222-A99B-165FF257AF22.svs,530e04a743276a800f443431579690db,1598603857,released
9404805d-6f56-4194-a21e-39a3d7a4173d,TCGA-BP-5192-01Z-00-DX1.a907179e-7b54-4315-bed1-6f1f12609cc9.svs,18f09ffedee403fa25517b40d639e64e,760639490,released
59125242-1dc8-4533-8004-fb9c6efc1baa,TCGA-CJ-4918-01Z-00-DX1.FC5811FB-D6B4-479C-8A47-9023D0873319.svs,de4b6ce95ce4682b223363ef81f82030,1233805865,released
03529758-787a-46b7-a2b9-8194ff70d353,TCGA-B8-5551-01Z-00-DX1.eafbba65-d1ae-49e2-9253-5de17ebcb713.svs,e033187e8b5fcf809ad85170c831f79a,489652709,released
eeaf8309-3f31-4ec3-ae20-9a71f5a117f0,TCGA-B2-4099-01Z-00-DX1.c0aa462a-083d-4db8-af8f-37b45a544c8b.svs,d09f02a49e0a12e9b93023755a3aefd9,254061607,released
dfee8b66-bce6-4161-a79a-29917ded5e18,TCGA-G6-A8L6-01Z-00-DX1.4B152639-AA5E-45C2-94AF-33549D343ED0.svs,4a7a5bd5ca3cce5c617e0df4fc4f2b07,1147355169,released
81710f13-5cdb-4634-ab2a-1ccd0e3963f1,TCGA-A3-3347-01Z-00-DX1.a06c9ca5-97d5-46a8-95e5-7bf9570a6dc7.svs,f3be57a826304a003e9c361838b72122,315497477,released
d61884cb-b7ec-4775-9a65-de6fd0eeb110,TCGA-B0-4710-01Z-00-DX1.e1440c30-b28d-42a8-b126-5abab7e0e3b2.svs,afdf8e64021912030469b4f09e858280,992544895,released
1ada18bd-1a1d-46fe-bb42-bf45b7668289,TCGA-B0-4811-01Z-00-DX1.8872dd8e-d119-4928-8639-801bf89ddd6a.svs,695f7f4b3d5cca5920a920c8a7291710,765965795,released
ee7c56e7-28ab-412d-a906-c52734fede81,TCGA-A3-3363-01Z-00-DX1.6d933fa1-b68c-483f-819c-5a85f0389e6c.svs,31b133909c572c777dd11b817e803ab9,178091245,released
81c38a4f-9d25-4ade-81b7-89b7658ad6d6,TCGA-CJ-4637-01Z-00-DX1.5632396E-A880-4686-9E94-89E3F01AFBFB.svs,cad37bb5d91bfce37255e16895b5c75a,899763249,released
bea2ed18-bacf-443b-a277-b0d26479d236,TCGA-B0-5702-01Z-00-DX1.a455181a-c4a5-40f5-b82e-be5bc6bb0a41.svs,36bc91b5a3503c8a6fa77bfb41de5ca3,889467741,released
8a440305-f92f-4d0f-bf9f-2c15b3cdf376,TCGA-CZ-4863-01Z-00-DX1.7f3da3a1-5d70-4d30-a9f3-80ab883cf9f6.svs,8d0936ac3071a72ca3967e89e19f760e,972533820,released
bf595714-0dde-49f6-adfb-6cccdc67fb28,TCGA-B0-5400-01Z-00-DX1.2f9e8c7f-9e35-493d-ae23-f13782a2c5c2.svs,5590813bdb6b5af238389c99da241078,1018403373,released
02b1ec7b-d063-4ced-80a6-bdc0b61c69aa,TCGA-B0-5695-01Z-00-DX1.60ef3025-1240-4d7d-b73f-28b27fa094d8.svs,1ed638f0b605af1fdf26ca362a733742,987464749,released
e3069243-6995-4f10-a7af-f1e50e3f4dd6,TCGA-BP-4999-01Z-00-DX1.e78eaded-4e89-4bcf-b3fe-3e7b8db7f2c2.svs,c92b64c8f13f712fa20edbe534099a06,869346490,released
93c2ddff-271c-4358-aa05-32d41ed36aaf,TCGA-B8-4148-01Z-00-DX1.B27E1027-0740-46B2-91FA-FE018746D81F.svs,ff28a75b7387ddd16e69a497995c23fb,710736175,released
ea8184d8-2dde-4911-b7d0-dc03329f1762,TCGA-BP-5189-01Z-00-DX1.cfffe175-da76-4edd-9187-0570a877127b.svs,c48c4a40cdc5d30bf9ea2f1bb0e55d9c,1226483172,released
fe00c91f-7977-455f-bc26-d0b9c8ed0b5b,TCGA-BP-4976-01Z-00-DX1.da190cd4-651e-47d9-8573-afb8395c02bc.svs,46f61064d139232d080e1da436463226,933896742,released
83c5be1e-f268-4bcc-80ae-f175d9c4e804,TCGA-CJ-4900-01Z-00-DX1.75AA0FB8-54AF-492F-867F-A7A4DA11FCAF.svs,150a0547e1108394ba658258a974c497,960344165,released
e190f51f-8d9e-4cf0-b054-12a75600d98c,TCGA-AK-3429-01Z-00-DX1.3501F4D9-4764-4D30-A5BC-B0FF1A494CFE.svs,548e2f6553fbbce5b605b032889b1a9c,619450071,released
a6a6b657-61e9-4f74-8e2b-db72569b3530,TCGA-B0-5108-01Z-00-DX1.66c716c2-2112-45b5-babc-2b90d54541d9.svs,821e65a1445368afb80ba6267a3c147e,863785143,released
47fda244-af1b-4047-a3b8-29e8feb5b4f7,TCGA-B8-A54J-01Z-00-DX1.D9DA4491-BC23-4AA4-92CB-26956C78A034.svs,9b045eae8effcc2141020e5556d6ad48,639828426,released
fdf2a5e9-8326-4b0e-855c-e6cee25f990c,TCGA-B0-5696-01Z-00-DX1.73c27995-9401-43bd-80ff-6ee9dadcbd5a.svs,5206692e868110116cecb81bee5a337c,1221607349,released
309d9c8a-7d3c-4954-b82f-b072f04ba40c,TCGA-A3-3365-01Z-00-DX1.dc5b8d77-b5ba-47c8-b536-a8f1ed458ed3.svs,e7549be1433fdcf5ca449cbc7079f5ce,44123089,released
5330a9a0-c604-4720-ab60-69b6771d1ba2,TCGA-BP-4968-01Z-00-DX1.e2dfdd69-2fc4-4ed9-96aa-ad88424d2989.svs,424dbaf7792fbf0c7cae68f6cc35b743,1253768140,released
ef7e6366-d78f-4d63-9ff4-1b0405234341,TCGA-CJ-5686-01Z-00-DX1.9DC91DB0-272B-485C-9F61-7F7C00915746.svs,cd2fffe7d324fd9eeb6774e184ee7628,1421071183,released
18f3631b-e09e-49af-b65a-a2858ec389bf,TCGA-BP-4967-01Z-00-DX1.25615528-2d42-4b48-b086-2e851f4fee6e.svs,cb6dd7bbcf51290d4d0a8bbac4d7f809,1001477812,released
46a63ee2-3b9b-4161-b339-4ca69e5ca507,TCGA-A3-3373-01Z-00-DX1.681dd573-9832-4739-92b5-5cdf6e993802.svs,bb9deaa590bd4c5c49596302f32d582b,163068693,released
bf4f237c-f679-4e32-a2e3-d358ace6f0b4,TCGA-BP-5170-01Z-00-DX1.ae43bef7-3d81-4f69-be37-b4958bf79939.svs,6fd47733fd40e112191754f6734c289d,1225385902,released
325fc50c-b2e9-40d9-b34d-bcb9637f7c19,TCGA-A3-3357-01Z-00-DX1.b85a8293-7b4f-4a8a-b799-77d7d7b39b3e.svs,6a844d3beddf0b27518389dfe2ea00db,133338257,released
cc78ab7c-a334-4dfb-bbeb-5bcd6947cbb6,TCGA-B0-4810-01Z-00-DX1.c3874ffc-31ff-41c3-a474-48e2ff90783c.svs,8121768fa66545b253a409c73cc182ba,1337958877,released
d0a923be-6b25-4692-8284-593d7239a01b,TCGA-B8-5550-01Z-00-DX1.f9c84121-b555-486b-9049-9b87c7268e0a.svs,473cd1a46c9e123704ba91d6a7748886,1171366203,released
3e52975a-8523-4342-805c-d3ce3cb54d97,TCGA-B8-4619-01Z-00-DX1.2738922d-4a07-45b3-968b-83994e9a0ed6.svs,030d47e6d1209efa6bb0f21ce1ff57be,149485319,released
bc53bdc0-3a2b-4533-951a-b145bb7033c9,TCGA-CJ-5680-01Z-00-DX1.116A7D3A-9505-40B7-AAB3-DC48A85AEAE9.svs,e1d5d00262d554a09ba3a50ea64e679f,740404638,released
96a145be-ee4b-4cf3-9a04-14541c573977,TCGA-AS-3778-01Z-00-DX1.E44DEEAC-DDAC-476A-A8EB-A7E3689B4121.svs,26bc1b6139908809f5c65d6e2f1e35d0,620250616,released
7c5f44ba-5812-4c77-b088-d8656e6d04ab,TCGA-B4-5832-01Z-00-DX1.0ED42E9A-83D1-4008-B775-A934E06D2629.svs,5dc553995c9f9dc6e4bf8666c4976162,553129863,released
66688d03-5f10-4724-bc5c-72b1d9a96e7a,TCGA-B0-5085-01Z-00-DX1.29c82ff0-9e4d-477f-a8d9-8931c69e58f8.svs,1418ab2ec53f3ab8fd7b53204760d10c,431121939,released
3150ab7a-2a85-40ee-9f81-14dbd413ca19,TCGA-CZ-4853-01Z-00-DX1.1e328b6f-eabf-48c6-aa23-dafaff4b88cc.svs,53248d19b1adf18dbc3b9a79059eda35,600366706,released
13a9c22a-8598-43b2-8f2c-5d40fc2abc35,TCGA-B8-5553-01Z-00-DX1.1fd7ba5f-3a88-49f7-b904-c17797092897.svs,03ac1348520c3449dbfc6c4dfaa7da24,358514899,released
b7e0dede-f807-4e24-a433-7ac0f10b52d4,TCGA-B0-5094-01Z-00-DX1.eac31fe2-09da-4ecf-8e25-c073cbb03295.svs,985487089ea3a21c7543a929faec45d3,1118425143,released
20c4a1ca-b2f3-4098-a1e5-7cf8b525e23f,TCGA-CJ-4899-01Z-00-DX1.D37DAF6F-9F3A-4A11-B4B6-37169AB592D9.svs,8c0be7a659bdc9e2043133ccf6047ca6,1089349273,released
e8b0edd0-71c4-41d7-8fea-d71481a3310c,TCGA-CZ-5982-01Z-00-DX1.b7659f4b-921e-42d9-a691-2b2262a2bfb3.svs,bd15b907576380460948ba6cee2882a8,451789473,released
81e9532e-cd4e-45b4-9971-aea0198dcd25,TCGA-EU-5904-01Z-00-DX1.1eb3086c-abb3-4640-838d-6b1a8fb4ff4d.svs,ea43cea0065da55116c6f2cfd7890067,1140713909,released
9508044f-3863-45ab-a425-cc8e13affae3,TCGA-B0-4827-01Z-00-DX1.c08eeafe-d2d4-41d1-a8f5-eacd1b0e601f.svs,e8fdb3e13d454451b0c58d6b71b9888c,705948651,released
2993aa97-615f-4385-b0e0-4db28802f92e,TCGA-A3-3374-01Z-00-DX1.560b8f9f-5195-43e0-be52-73aede19e077.svs,054b3715ab1df5147fc24bab844afeec,345957837,released
1f59b684-eed7-42f9-a08e-ed7e7682ae20,TCGA-BP-4162-01Z-00-DX1.cb017dff-4a35-4e33-92a7-2006973ad6bf.svs,b8ffc2e7ef9283014ffdfb118dc9582f,1153279430,released
ae5502f7-8a58-457b-aaf9-421fb8a54f6b,TCGA-A3-3349-01Z-00-DX1.206c2817-1b93-4fdf-8128-3f6e3b4935b6.svs,ed8a5a33b01e28ae78d27f739d840671,355602963,released
17ac296c-a51d-4e6b-a656-c82bc1178ae9,TCGA-BP-5174-01Z-00-DX1.d6f8427f-fbbe-4582-a020-ede5675a7e76.svs,778b0544fbe2e799ea2086f041ca08bf,1063285836,released
561efaa0-1e9b-497d-85b9-f4cd0292e989,TCGA-EU-5907-01Z-00-DX1.22c3e851-d286-437f-b7ac-50350a001888.svs,f4fe7f9361c1398962c053448eb9b7ed,762633959,released
650f20ce-ef93-4c86-9c5b-d9ac1062c4b9,TCGA-CJ-5681-01Z-00-DX1.103D5A1F-B07C-4090-8E3A-770514D2BBC4.svs,c12be9d514c25d722ab165a0a88cb773,520506838,released
69690e94-f54d-478e-a8e0-f539b6917c58,TCGA-B0-4842-01Z-00-DX1.d780158b-81c2-4ac9-b7a0-9c9386c6414c.svs,befe0a7d09099367456241a712afbd3a,838153265,released
ff0828c2-bdcc-42d7-b356-b5192143eca9,TCGA-BP-5186-01Z-00-DX1.d4aa0ed3-0eb7-4317-ba06-decced7e57f1.svs,64d01dee2a5d983f17d8a4505cd28194,1381589874,released
6444c84f-37c8-46f6-8bbb-032b5eba88c6,TCGA-EU-5905-01Z-00-DX1.f83b5cb0-7295-4f67-acac-cc1768b07c60.svs,96451159f1ea6d74f88736c49b346f76,929609009,released
1a1c6f9a-1cb4-4786-a7e4-1d5867788736,TCGA-G6-A5PC-01Z-00-DX1.1E7A6945-7AC1-438D-B1EC-C45BEFC6851E.svs,b783165adf40c3ad81ba2cb19c93a1d6,1775849415,released
ebdab041-0aba-4f82-8297-dd07ec468d6e,TCGA-CJ-5679-01Z-00-DX1.659CD853-BC8A-474D-9EEF-32FF73CFC12F.svs,7c66c9170b552370d6486f7dc2a724c9,699988402,released
5a50f5ff-a12f-4da4-82b3-85cea13ad8fb,TCGA-CJ-5676-01Z-00-DX1.9B227E1C-E4E1-4E1B-97CB-A4B8F2D27DC6.svs,12be839676a89320a4f71d59c0f58956,367262020,released
1c67c8cb-8a09-4afa-9d77-5ab6dd4aa54c,TCGA-B0-5115-01Z-00-DX1.f07e128b-5a67-409a-a420-ce953f291364.svs,e911b583e0c734f8f38c0b79e4f5b3e0,901882633,released
1c805bc7-e339-4849-b46b-018c5fd10fdc,TCGA-B8-A54F-01Z-00-DX1.7C46D299-64F5-42C0-8226-A1AB4FF5C879.svs,da837c76032549c6c9a62b1047dce739,1697443720,released
4b2dd194-703b-4c2e-bcbd-39a0e7056834,TCGA-CJ-6033-01Z-00-DX1.5DD2C8F4-50E1-47C3-B5D4-058AE04095DD.svs,6fff42c1ee097c87a7447e331313192f,2167965733,released
4c3dfaa1-f88f-4c89-990a-b4340d99dd34,TCGA-CJ-4639-01Z-00-DX1.78EC26B2-D619-4E01-AD44-813201E96DBB.svs,64f042e4813882cd5d39b249cafac17a,1224421355,released
efb9321e-111f-43c9-bf3e-9e6bb82dc40a,TCGA-CJ-4920-01Z-00-DX1.103EF882-1E2D-443D-AEBC-EFC39CD5376F.svs,8494f722462810a46a7ba6e70473d16b,1424992275,released
9b27f2f9-2f0f-4a75-b152-a9b6421522c2,TCGA-A3-3320-01Z-00-DX1.81f8b962-a7a3-43ba-ab12-d92eb91f97b2.svs,d903a0f98f47df0e55bba17445a6672c,246310031,released
b42b0ba1-2129-4a40-be69-7008903e847e,TCGA-CZ-5986-01Z-00-DX1.a932e2c0-41e3-4c88-a973-59d57d6dcdcc.svs,de14ef9803cdb738d0df46a2faaaf7b2,926100513,released
45ac9d6a-ce83-4057-9d73-a351a8c1b77e,TCGA-A3-3380-01Z-00-DX1.67e52764-4c94-42b5-a725-4f61a86b49fe.svs,b0435c5f2c33edebac0b41a90797cf70,293483455,released
2962b40c-4705-4685-94f4-a28fc5f8eab6,TCGA-A3-3387-01Z-00-DX1.01a24641-ab38-41bc-9151-48e262eb4826.svs,c38bab385238fab53cf22dda09cb65ab,204451853,released
bed7e2f4-6290-4d4f-af2c-c1887eaaaf34,TCGA-A3-A6NJ-01Z-00-DX1.249AAC4B-E019-43FA-96EF-95ED15D3D264.svs,765cd15832261c4e87509574d4f3a6de,1720824058,released
36302ec4-0d12-42fe-8b39-c5d960c99b61,TCGA-B8-5549-01Z-00-DX1.96d1ead6-37ad-4e5d-bc95-2ef4fd1a940d.svs,8f0a69d5ef29ca0e10f95d5c8ed6ca92,632451311,released
8115c581-ceab-4734-b85f-3acf5f71a591,TCGA-BP-5198-01Z-00-DX1.3ff31173-5a84-4a07-92cf-2dec884f3c64.svs,f83be20af7db35642de332802537a252,1451485468,released
a9a068c6-4cd8-450d-80d8-0d24ee2dd932,TCGA-A3-3331-01Z-00-DX1.13afd793-4360-43db-9c99-1e72e4b158d7.svs,30d99ec03fea422e49decbddae530a50,207157681,released
45a2c6d4-39ec-429a-94c2-b190cee73a2d,TCGA-CJ-5675-01Z-00-DX1.E0FF78EF-92AE-4C5C-A71D-AB44DBCDC934.svs,7e7b187562a531926d9158d1b4901ad4,638919406,released
ccec0071-4ae9-494d-8ecf-be7bfda2adc8,TCGA-CZ-5467-01Z-00-DX1.49822621-96d1-437d-8212-0f8561a6df82.svs,a140697012c9125da5fecb004c793420,1664437039,released
9892b6c1-bb4f-4e9c-a0b6-6b38aef3ff07,TCGA-BP-5202-01Z-00-DX1.d7e64bbb-d747-4a01-a5d6-26ad5a1e8a13.svs,1d9f0914073cc40152c2ac2f81fe669a,718522472,released
b0f2b429-4ce5-4253-9911-b8b3a22930a5,TCGA-BP-4961-01Z-00-DX1.4971f9c1-32b8-4eb2-b7a5-0985aaf83422.svs,3d34cb96ab376cdc2659eef9e289dbd3,649347738,released
b86fb8e6-fe7d-4a25-a003-29e36a3cca0b,TCGA-CJ-5677-01Z-00-DX1.46FEF9C4-445C-4046-9ACC-54402E3702A9.svs,ffa21b362caec102e8ac5f0417c46430,488752074,released
a962e608-7248-4d14-81ec-9d324087925d,TCGA-6D-AA2E-01Z-00-DX1.81E7420E-9C8B-4076-A604-F2B2AD3340D5.svs,46a7223f2ba0cda41c5f64cacda64de0,1494232771,released
3d333119-213a-4f2b-9d16-704c275f3770,TCGA-BP-4974-01Z-00-DX1.97991078-9139-4bca-a5c7-0c6c66459df9.svs,bee19397264a90842be753c25a8123cf,1281208912,released
fb76df35-b2e5-40ca-bdbc-8bd1c2a19280,TCGA-BP-5001-01Z-00-DX1.05212dc9-c0cf-4fbb-96c3-f39f6ed67ca4.svs,12d9710b0dcb5260f62fdc5d2e5bf693,729350306,released
b0098ada-75cf-4cbb-9868-1bae2652c26f,TCGA-BP-4801-01Z-00-DX1.69e0e4d9-dc88-4010-acec-15183034b356.svs,b014a86402d8846d762e4a083e440d5a,842182410,released
6fe56db2-4974-478a-a690-b33eb5e09acc,TCGA-BP-4161-01Z-00-DX1.a5c24186-a438-4c65-857e-d6da30340342.svs,188c5ec5f8c598f4f2a7af3221bcccc1,800612402,released
e60dc3c2-2cf7-411d-a754-dd48b7936e4f,TCGA-BP-4971-01Z-00-DX1.182dfca9-308e-4cb6-8c29-2d9d3bae4f91.svs,b585f0c5e2c1f4231f76e885bc0ae184,838840834,released
63a129a2-c7af-4696-bb99-69d7e8fe04e7,TCGA-BP-4987-01Z-00-DX1.6c63360c-7ac1-41f3-916f-214a4017e455.svs,a3a1c6fe5e55c1f3681e825997c61622,768550910,released
cb8ec2c8-be48-4b3f-90e6-acbdd84c652d,TCGA-B0-5110-01Z-00-DX1.c87c39f4-9c4b-4f1c-a658-e93e69cc1280.svs,8d92b8c949a3e168004f837f7d2a0728,780540185,released
85b6116f-9814-4f35-a397-83bdc58f0e31,TCGA-AK-3458-01Z-00-DX1.45890D8B-B66A-49C9-983A-4A2AD6722076.svs,c6afb2c3fdecd5f01c42e0955d961ecf,477077959,released
9f9074c2-13a0-4322-bd03-14b198753c3b,TCGA-B4-5844-01Z-00-DX1.64CF8817-E960-45EC-8073-8228DE0486C0.svs,3050143423ab1e55e8e0785f65dd43ea,357330513,released
88aa8a48-b145-4873-924e-16f31127e49b,TCGA-B8-4143-01Z-00-DX1.44100402-0862-4e68-83fa-c8fb6536563a.svs,71f80615343094ad5177b63b5c80d549,79963449,released
da13cf2e-9f74-408f-8ae3-f8ea41cd11c0,TCGA-B8-5159-01Z-00-DX1.12a9fb4e-2062-4e69-bd04-61eb2c1a7501.svs,d9a84e832620754721f5d00a36a7e82d,373092972,released
d852d56e-0321-4a33-be96-434ebf320e8c,TCGA-B0-5697-01Z-00-DX1.45952baf-6ceb-475e-8d04-0a97adf37cf6.svs,b4e47d9ffa14f3deb9bad72272b3fa58,1208979101,released
5de05155-274d-4310-83bd-4f24e00af6ee,TCGA-T7-A92I-01Z-00-DX2.87A6A24E-42E3-4107-AE91-369C0D168556.svs,0ca753126d6f4f634deee6440af1a653,1470395376,released
40e5ebe0-c972-4dc7-bc97-511e2bbb6643,TCGA-B0-5117-01Z-00-DX1.d847a765-e0f0-4dfe-89e6-d85a1145e3ad.svs,30c421b21edddccd0245f79c691d00e2,1751105067,released
6fc7fb7f-461d-4ba2-8ed5-c124291a8bea,TCGA-AS-3777-01Z-00-DX1.3c2ee8f6-91f4-46e6-a84b-676d8560f3d4.svs,5a1ad742db94514c892816e3234c36f4,100037719,released
f6619823-7a80-415b-a638-f94f87125c22,TCGA-A3-3323-01Z-00-DX1.8225cfd4-6b2c-48b8-bd78-fd574557b4e8.svs,4caefd33b641f73c924fb0d5af6c601c,135633175,released
7085caec-cbf1-4360-914d-9238bee28702,TCGA-CJ-6031-01Z-00-DX1.372B4225-F672-4E8F-9873-3A4FE6A7982A.svs,8f68b8a90cfa2e141f2c3e6080048db1,1162102137,released
946f99c0-0bd8-4b9e-80bf-72d838ee742b,TCGA-B0-5084-01Z-00-DX1.550d2568-2aa9-42c8-9b21-fd66aea9c809.svs,aa1250723cd3abef07a534cdddeca690,824783037,released
b2fbd4a1-2c3f-4837-a909-721b7b19f1a6,TCGA-CZ-5452-01Z-00-DX1.470c0bee-aba6-4cd5-a3c4-ef05ea3bf14f.svs,3842a74336232d3d983f4a273f590d74,456525951,released
303c4fb8-e3ff-4c93-8b38-e3f39ec63ad4,TCGA-CZ-5457-01Z-00-DX1.87f21980-bf6b-4da6-ae8e-f7fef7396d52.svs,f719f65bcf40f133eff9621842139309,1031744025,released
1178c948-8c18-4d62-98e8-dd23670a345f,TCGA-B0-5399-01Z-00-DX1.2b8db692-a777-46d2-bfef-ac889bd957aa.svs,a4a974b32ea5b939896ff99929603731,1458339285,released
a8f76743-999f-4c79-ae96-a77a2f1e136c,TCGA-CZ-5988-01Z-00-DX1.7ba4c0f1-0301-4128-819a-15958727dba7.svs,ae14381bf9ea5ff80afabbc752d03ce2,545415847,released
874a3be6-ffb7-4351-833b-b2f2c24d110a,TCGA-B0-5104-01Z-00-DX1.1e36aacb-87e0-4629-81a6-17a694802d4e.svs,ab7b17b12343ae4c400cfdb067529567,618031049,released
6f1aeb9f-1079-413d-86f0-720b86f086d3,TCGA-B0-5710-01Z-00-DX1.1d30af81-4ce1-4574-9bca-c8f3e1f7f209.svs,9fba71b08f063ea3b809029d4680398b,1218455961,released
69128912-470f-46fd-9e2d-6d64412c95e7,TCGA-B0-4815-01Z-00-DX1.dd230cfa-5952-4fe7-b73b-5492f0d37723.svs,47c4c6a9b66555a44043419e743b299b,579190563,released
721ef5de-e36c-4012-8a78-88df392a6507,TCGA-CJ-4869-01Z-00-DX1.0963305A-0BA8-4266-A4D7-B37A98FA342F.svs,b387f7625730adb36058d181b4d0aad2,1324453321,released
76c0fac0-5453-4a11-95c5-f03fc915f69b,TCGA-CZ-4856-01Z-00-DX1.866ea89f-a487-4380-af9b-bec919edeefb.svs,8d9759ed735a712b8d3c1a826b215806,546226230,released
f250b5aa-b878-4854-810e-a6440d6f0bfd,TCGA-CJ-6030-01Z-00-DX1.A762AB76-62E5-4680-9912-8B6D7FC48FF9.svs,4960fc7e57cc866f0b58896a027c957e,1662309793,released
788cf8c8-6d36-42f7-b384-124c0f235788,TCGA-CJ-6027-01Z-00-DX1.ADA07C08-C97A-4F41-9467-8F4F49F96EDA.svs,e4506b116b79ccfe4ea142b2dc23bf33,2165867743,released
9fef65f7-ad61-49ab-9441-973f53f32e1e,TCGA-BP-4782-01Z-00-DX1.1da979ff-efd3-4c2b-920c-a458f52ef89a.svs,363ee15bbfbceb83d6f3b9cd7ac77f2d,608234692,released
06647aad-6c07-4136-82e4-d597d526c001,TCGA-BP-5191-01Z-00-DX1.4942ebf2-cef3-4cff-8430-b377d274952f.svs,61b81c4af08844fb4d4a6df2ef035ac1,728932872,released
45904900-cef9-4b66-af9b-673bf192419a,TCGA-B8-4621-01Z-00-DX1.1b685a91-fb7c-4803-b6c9-3891234d197d.svs,22c72640fd0fda6e4c4d12701e6c176a,908920477,released
27068886-e156-4bd8-916c-3ed16636aad2,TCGA-B8-5162-01Z-00-DX1.3e999548-f3b9-46ca-b51a-d20735e1249b.svs,77a30814192c4a007f0d03d1ae2a0a62,693012050,released
c69b879b-d1aa-4210-8d83-1d45cf9e451f,TCGA-BP-4795-01Z-00-DX1.29d32315-efd2-495c-85b5-86db265cfc9c.svs,314cb40354057c997e2cf62f2d2b8bf5,435725840,released
cb792a4c-f6f3-4e67-906d-3ac5d790bcc4,TCGA-CZ-5984-01Z-00-DX1.94144f54-163c-428d-8bc9-0a35daa08866.svs,a3f74e2934d2c2bc8be1752696697e66,998908315,released
62f802ec-84a6-4789-8b5e-c698d9cd32eb,TCGA-CJ-4905-01Z-00-DX1.D9E4CA77-5766-43EA-83BA-1C70E28661C1.svs,48510153656bbe7f1affa07b51d8700f,1138730383,released
71a7606a-dad4-48fe-9122-76388dd6aa08,TCGA-BP-4972-01Z-00-DX1.912c5a3d-2c86-4c39-8c12-dcc0a18440e7.svs,c1ac8dffae5bfebb959c61de7ca30d86,1124613428,released
2e9b1e92-8c3f-4470-9869-6eb5ebb39959,TCGA-B0-5109-01Z-00-DX1.7d4f557d-d4f5-4c89-886c-49ff27fd063a.svs,78fc437a8e2da84564af3da63048653b,1058351717,released
95e49113-2da7-426c-b99d-580f0eee2c99,TCGA-CZ-5989-01Z-00-DX1.c6fd2257-4742-4c4e-ade2-995f54f1cfa8.svs,973269e640333bd132a87ff6c37c1ae4,1163820637,released
f03c5fbd-f1a5-4f24-8497-94523af1ac45,TCGA-DV-5568-01Z-00-DX1.a93bd551-4146-493a-afeb-653ba63a95c1.svs,e272e90d758f0e6be3a27af41b378356,728259287,released
031dceed-61df-4212-9851-e34774705ddc,TCGA-AK-3436-01Z-00-DX1.E8C5CA5A-4DA0-4F66-818E-6C56B22C1EC1.svs,dc576ef7e787983526f7c9350db3831d,392183519,released
f10854c5-88a1-4e0d-ab84-8f85772e59ca,TCGA-BP-5168-01Z-00-DX1.7300af72-5dae-4b4c-bb73-62be8720006e.svs,1e38af8d31efe7f265823291e27c0566,735720354,released
a370e898-3e18-46c1-a4e0-925d59a01fb3,TCGA-BP-4988-01Z-00-DX1.b037f17b-8fc7-46b2-adae-8e1140606fb7.svs,2c8fff8682e169fa13b64a99095fb611,1208650056,released
74f0542a-8b1e-4205-8d08-318c6959f2c2,TCGA-B0-5691-01Z-00-DX1.ef332029-fdef-4a0c-b891-4ef14da0e6ba.svs,3e9d5692bdd456473294945f5a30531f,1258570641,released
146d0d7b-2dc9-4248-83d3-5a7787153116,TCGA-B2-5635-01Z-00-DX1.04222a5c-a2b2-4206-8a54-66c7474982d8.svs,bfa14378df028dd4733f555f1d467940,208200273,released
cb9faee5-5324-4baf-81ce-afd7762c799b,TCGA-BP-4164-01Z-00-DX1.9834000b-0e64-46b0-ad7f-9c18b93bf4c0.svs,422f179d307805f2e284305324b027e8,1299211148,released
e5b08935-91cb-4faa-b2ec-d5cd403c5bd7,TCGA-B8-5165-01Z-00-DX1.d0314896-5fb0-4c33-9d62-710199657d25.svs,ce23ac38bc40906cb525c52787b99d4a,741801996,released
f016862b-e32e-4bb1-a79f-dd7231a32a44,TCGA-B4-5834-01Z-00-DX1.2E194BF6-D66C-45B3-B8A3-4ED429A3022A.svs,ff7d7f246909175c377552579fde9d8a,646655311,released
1789b537-9b01-407c-bccf-570bfea4b868,TCGA-B8-A8YJ-01Z-00-DX1.31A6E902-8704-4241-9BC0-EBD64309DEE7.svs,508db97786948789eb6e5f6cba7a2240,1266287080,released
79e97915-9426-4b6b-ba19-ef820ecee2bb,TCGA-B4-5836-01Z-00-DX1.5F2DDC1A-9DA3-46B7-A0B8-E4BBE1658110.svs,dc711856239362e90db864666ff5b1de,643318933,released
55256b33-3109-4771-9ad9-e57e2e708287,TCGA-CZ-5469-01Z-00-DX1.5c3baf64-ab33-4b32-b5e7-b7e4f42b6051.svs,b75fbf8de41e35ecfc98146e6249e58e,1460681851,released
1338b0ae-8ad5-4fc5-8de0-233b73e8c771,TCGA-B0-5694-01Z-00-DX1.d33b7c17-1d59-467f-9f33-47158ab5bdf7.svs,6540099631ec952f238363b2cc49707c,867282547,released
c9d8f282-46b7-4297-b7b8-e256091ea6f2,TCGA-DV-A4VZ-01Z-00-DX1.E724E339-6779-45CC-A938-60F8C490F3D7.svs,40d4d360f2c143e09eed90a67c8242ea,1135500801,released
a87bf616-59e7-4290-bb02-98c7c0e4f556,TCGA-A3-3376-01Z-00-DX1.f386e709-91ae-43b3-8835-b9f878bff2e0.svs,376074550eb685026c7ec66a382bb084,232717407,released
96f7099c-9e24-4450-b4df-bb21721f0502,TCGA-A3-A8OW-01Z-00-DX1.B173FC44-8708-4255-AF01-9D8194F0BCA1.svs,91b41012edbeab66015af08c5f190ca7,435416026,released
1f1ee7e4-6776-4f73-8c00-12b8f3138fb2,TCGA-BP-4994-01Z-00-DX1.87afea97-277f-4eac-a82c-64570d27cea7.svs,53da198171fb49ba3e02c5aaab48735f,1774766692,released
48999bf8-348a-4cc5-9564-d46e8484fe5b,TCGA-BP-4760-01Z-00-DX1.0a49c368-739d-42f8-a1cc-5a35ee70a810.svs,3b55d86b2b69269c817212693ba17310,939227180,released
76c9c773-f51b-48cc-95e3-2ab91ad9cdb0,TCGA-AK-3451-01Z-00-DX1.1CC3099A-F2E1-43D6-B9AC-8DC640ABB014.svs,617368474c29ea3c5eb9a96c8b81006d,667326893,released
c63fce9f-f378-4ec5-9908-a9fde0a3de92,TCGA-B0-5812-01Z-00-DX1.668e75ce-2d02-47aa-9ce4-9931dd53e9a4.svs,129c20658418e6ec343bca028bd447d0,1167082197,released
9879607e-4797-4e2c-9a64-ea23a67df4db,TCGA-BP-5178-01Z-00-DX1.4d59b151-8cc6-451a-b009-a4f3a46ae653.svs,09e2c70241d24a0ddfd59d92645e0f33,1104348000,released
6a2d9e09-0953-4713-9946-fe6b5d33811a,TCGA-BP-4993-01Z-00-DX1.9eb12eba-9015-4f39-a241-8038ab4ae4a7.svs,09361f280abb3f69189bb889d6829223,1190475404,released
6c29bff7-6471-4848-abc5-7b4fe948bfd6,TCGA-CJ-4636-01Z-00-DX1.828E1165-8011-4DEB-A7F0-BECF570F310F.svs,f21f091ee08afbefa5ad3b308d1f83b4,1125589477,released
3f4f8af2-dcb9-459b-97e6-cf0de7b5ae91,TCGA-CJ-4904-01Z-00-DX1.D6315769-36A6-433B-8ED3-85A954A63DE1.svs,05499922d06e45271084f3fd241eae85,1816445243,released
11bc5de7-4ceb-4141-b1c7-66200c203838,TCGA-CJ-5689-01Z-00-DX1.1CA26D07-2719-4EE4-98F8-01E0551E937C.svs,579bc2299bcd7bfe46f1ab292e6cb649,415062634,released
564e4233-12ec-4ed8-9e32-115b5886c729,TCGA-BP-4995-01Z-00-DX1.e8ebf283-46f9-4d1f-a8a6-11c24d8fad46.svs,75be8c79fce17760f7c76559fb26c98d,1953693862,released
0f450938-5604-4af6-8783-c385ea647569,TCGA-A3-3358-01Z-00-DX1.1bd1c720-f6db-4837-8f83-e7476dd2b0a3.svs,63e9a4ea02175d5eddbcbbf641f16ec8,253091399,released
181bbbcd-c0f7-403b-9663-49baf69aa782,TCGA-BP-5199-01Z-00-DX1.4db19cdf-ebe4-48ae-9e8f-331303f13472.svs,3d6805fd86561711e61f963fdd2d5562,1041258248,released
fceef563-32a9-4b53-9df5-5929bc7e0e8a,TCGA-BP-5181-01Z-00-DX1.cc8df798-7f23-43a8-abb4-96e84afa2271.svs,536b52c753d73f24a92ceb2a89f0a53e,856145486,released
be05944e-5ef9-4da4-ac61-8f9530df4f73,TCGA-CZ-4864-01Z-00-DX1.4c3b083b-cfd3-4b75-9a5f-49286af1b433.svs,3961274f4b44590e3654233c3cd510d4,719922608,released
283df2c0-c487-4c8c-8b31-c063f11fb18a,TCGA-A3-3382-01Z-00-DX1.38cdb806-248a-4030-8a47-b5ce266991de.svs,7668ecba126582f0e7db48604b03837f,113898187,released
34344dfc-b64e-439f-bd15-279cf6c74401,TCGA-BP-5195-01Z-00-DX1.910fae7d-503e-4758-bb45-7c039ff9d179.svs,3be75b8f42428d7a975ae57f58acdf60,1087022530,released
1d3abfb0-92a2-40e0-9898-9a1c66cdb51a,TCGA-B0-5698-01Z-00-DX1.e7739945-c890-46f9-ba2b-f2cd2ae39567.svs,80fd281ab89168d18820d21a8947d8cf,1287087641,released
3c64fa06-ef4c-49a9-89c2-b7ac940c59d7,TCGA-CJ-5683-01Z-00-DX1.4758DFEF-5B66-43AC-B88B-FFF4079DB129.svs,8212568ed138d31827440382808ae806,575569260,released
4cb650fd-5f19-44b4-a493-3a781fd4170a,TCGA-B0-4700-01Z-00-DX1.1a56e8e5-e1c7-48c7-b17a-5adc9d780613.svs,d1ae2d3729f03609e556ddf31f4f2fc5,1186840149,released
14deef3d-fd0a-4c15-9460-8c4d793da739,TCGA-BP-4989-01Z-00-DX1.14bd85dc-5ac2-4da0-b8c2-ddf5c791aac5.svs,66b913ab1e44fffb170d80f70ac2cf38,1065244528,released
af3b2631-b0ea-42ae-8b8e-57a9723a9fc9,TCGA-BP-4973-01Z-00-DX1.2f753bb4-d7f4-43fc-994a-f076e6d10c50.svs,eae1ee5f0b2c11baac72d8030a72ecf1,1179299530,released
82b9a367-f019-4c04-8587-58a6f5d61846,TCGA-CZ-5985-01Z-00-DX1.d04f9dbf-987e-4640-847c-9d263b15b4bc.svs,9bc20a9c0f879a3c2d430d69c87c123e,1226939205,released
4f8dee18-a78c-42cb-a4cf-ae1d3548dc4b,TCGA-BP-4991-01Z-00-DX1.71305f5c-ca59-48fa-bb82-4b441c1fffdc.svs,cdfa981e4c40aeb6ba47ef909c48f8e0,1457350770,released
40668048-ec5d-4278-87ad-325af457b933,TCGA-CJ-4908-01Z-00-DX1.3B9E62AC-B67F-4AAC-9255-8A1EB3A78473.svs,2c54e59a15c2c2593591f9f045fdb94f,957778657,released
d343ae83-8a87-4d10-8db6-d022087bf03f,TCGA-A3-A8OV-01Z-00-DX1.ABA46896-E96D-4208-B0E3-4712F04175D4.svs,0f4a0b9d7b475b39e935a1ec35130040,984318416,released
5425afb7-013e-45a6-92d8-f65fe61cfe39,TCGA-BP-5184-01Z-00-DX1.b682d92b-fc7b-4a8c-a0f3-d1e3a309f136.svs,b8c40c870d82f2ecf0d66ae6275ae314,678842874,released
c85dcd65-7b17-451a-b377-d3dbe504f530,TCGA-AK-3456-01Z-00-DX1.E853A155-6567-49B7-8364-C63BBEFC1339.svs,a81036527d0736994a1fb39e81763b61,554260417,released
fc1fe91b-88eb-41d8-a407-63cbef61aad0,TCGA-AK-3440-01Z-00-DX1.ea0763b1-4262-4c75-9f76-080af1ffeab7.svs,4a489f2fecbca4b88be678f7842e9563,104688881,released
e38a3818-6a97-4b9e-9c16-be90f10366de,TCGA-B2-4102-01Z-00-DX1.07c9ab3f-27ad-4e12-86e8-0eed36eb30c1.svs,c273b69735a90b7b5d6ebcc791ba98a7,440767609,released
4fca97c6-66c6-479b-a22c-fbb5d7866ed6,TCGA-B0-5690-01Z-00-DX1.3f15b28e-03d0-43e9-b289-2697316f4e30.svs,25592413ddf20be9b778b3223e3d5158,1096384967,released
ab4cf288-a8d5-403f-ae35-934439a2570c,TCGA-CZ-5465-01Z-00-DX1.1b6e44b4-cfa8-4804-a5d5-b50876b95669.svs,b7cb9366e7939f418dbf161161786319,1098848103,released
a8074fa6-33e1-4a3c-af21-52af4ea1a1c0,TCGA-B0-5712-01Z-00-DX1.b6b950fb-d0d4-4ae2-ae53-8eb51b7751bf.svs,4c5501b86b0f3be9b74d1d51f9e1b474,840604753,released
5968a969-43ef-44ac-940c-8df869b7d91d,TCGA-B2-5633-01Z-00-DX1.c55a29ca-468e-46de-9ff5-a51f46fe09fd.svs,9579b845ee4ff4d8cc41afa3bf9872ac,167716161,released
525f52c4-3507-4ad8-80c9-f2bb063a9886,TCGA-BP-5169-01Z-00-DX1.b9739d1e-6d86-44ab-a064-9fe50d393613.svs,3c87e83204700f7bba40fe77d77ad887,1651800778,released
24f922f3-c46b-4b0b-9773-e3b3aabc5171,TCGA-CZ-5454-01Z-00-DX1.c82ae31e-d805-4f7c-aca5-894ccf9fdd47.svs,148729d33738a5fe3dd4625cd7dd27fa,1153664437,released
720fdba7-d194-455d-8e97-c5564ac68a9a,TCGA-B0-5116-01Z-00-DX1.48fbc5d2-2fda-4ad3-86ee-ab43fb0f56cb.svs,8d264de0e284f3f63e034b4ed8cee66a,965851535,released
b3c0039f-b969-4187-9fcd-f88b2dbdb84f,TCGA-DV-A4W0-01Z-00-DX1.B9EFDA21-A24B-46B2-999A-9E0865615D27.svs,ddb2cc19f08cb57324268659930cb3bd,1478942853,released
e803c124-0765-44ba-b45b-893fe0dd6ce5,TCGA-A3-3316-01Z-00-DX1.d6248cf8-7b02-4dce-8c91-1b91751cf1ee.svs,045c9c978e19859032d8346f93011b46,392070489,released
7cb0ceab-6b36-4a61-b178-47621ffb8d98,TCGA-BP-5196-01Z-00-DX1.85bc950b-ed4a-4f77-8c17-b2916d0a05de.svs,18385447faa274803928fd9886081166,449242076,released
7c190fba-6558-412a-acb5-959b4a10a8cf,TCGA-BP-5004-01Z-00-DX1.46d61a35-7e4f-4fce-9785-8efe255852f0.svs,14154de14b3b089b553990838f7c3e3a,1098561984,released
d8f0b324-465f-4474-8f8b-b9b0b3e7683a,TCGA-CJ-4640-01Z-00-DX1.F5625E6F-1B5D-408A-982B-9A66103DF1CC.svs,1ba216316b2103bf0682057a6d8d8ef0,1498045799,released
e43af631-d018-4d6d-a1cc-e0f1012613f9,TCGA-B8-4620-01Z-00-DX1.dc9f48a4-0c88-49c7-ae2e-92d3b5c74b16.svs,804647980957be4f25baf2250e146439,613713271,released
a520414f-0c32-415f-9239-7cf46ec2f5eb,TCGA-B0-5402-01Z-00-DX1.dc8a5519-2b6f-473e-9420-b26e59f7c4c9.svs,6bf8efda9482709dea9c49da3d367271,774272919,released
8a99ca9e-f86b-4d7e-af9b-dcce36bc8773,TCGA-B0-5096-01Z-00-DX1.badbc354-928e-4f7c-9b3f-341154bafbac.svs,e8e6a32d5634a4d6357408eb3def035e,302586369,released
e9a2f7c2-56f0-4163-8fdf-bf1820980e9f,TCGA-A3-3378-01Z-00-DX1.71ddeb47-c8e2-4ae8-b481-50f73c905e16.svs,7c1cd6e50c0505e0f4c0c040013eaaf5,224922771,released
cb95e6c5-ec60-4083-a047-15dde4178228,TCGA-CZ-5458-01Z-00-DX1.56cfd26c-44c1-4971-a59b-443742fd78a8.svs,700ec9f3e1720ac75fda108a4d694499,1126951283,released
b98c7365-3136-478e-ba80-3244e6ad94b1,TCGA-B0-5120-01Z-00-DX1.ea9b8cee-f81d-4289-9c1f-30729a34ac04.svs,24a2fcf78f1c6381a2072a3cd115ea1e,414656807,released
7bd5dc82-2330-4d2c-8c48-2d7a5c5f4f0d,TCGA-A3-3370-01Z-00-DX1.85c55ab4-8f44-4e76-af56-d42226764135.svs,e816edb7d2c3e2ccc62ad4688e7d76b9,83230801,released
d78367a7-ee59-4096-b7e0-0fb6e61caf10,TCGA-BP-4975-01Z-00-DX1.3b4b3a5f-f2c1-41d7-9590-11dc5a6265d9.svs,3eacc8313917461e5d2f5028ca18b2bc,642944602,released
1a18651c-b1fd-40da-b19f-37c5b924d850,TCGA-B8-5164-01Z-00-DX1.6d846ab5-2fcf-4a99-8b82-3b77146fccf3.svs,200d55ec4acb248bcc97de18a0335863,750362074,released
bd8200ce-647d-422d-b7b5-7efebab26db1,TCGA-MM-A564-01Z-00-DX1.F8F976F5-500F-4B3F-BF0E-EC3D126AF7D3.svs,cbff611717afecf16e620be48c80d7df,2532363537,released
f49c68c9-41b0-42e8-925c-8b915378b8f0,TCGA-BP-4985-01Z-00-DX1.46854f1c-2f91-4990-b0ca-c76ff09bd835.svs,bd560419fa22abb7a44a57cb088a019f,1161796130,released
c3366298-e73c-404b-b0be-6c09990e5d80,TCGA-GK-A6C7-01Z-00-DX1.291DEE77-CD13-4D8E-BA35-6EC15F45D264.svs,56a2014c9bb8201a176d355408d437d7,187448263,released
d778a9da-6e52-4015-857e-16342909d970,TCGA-A3-3311-01Z-00-DX1.9674290b-42c6-4107-9eb3-a7d712fbf858.svs,5d994880b7e32ab2ae24e65182336bdf,225935013,released
4a56bc44-e1a2-4332-9608-1fe8683ea4e7,TCGA-AK-3444-01Z-00-DX1.1F0E0B47-29FF-456F-800A-539983FDCFAA.svs,991f886db3a4ee1762b738ba031b1b3b,401144167,released
479690f7-1f59-4f5e-814f-2878629eea9c,TCGA-CJ-4916-01Z-00-DX1.9C306902-51B1-4968-BB06-DE21606DD963.svs,4ab14be2b32415d7b072214695496758,1775242851,released
d8edd197-0dc8-4d50-b1ef-02bf26ff452c,TCGA-B0-5075-01Z-00-DX1.09207440-8016-4053-ba10-864744c3508c.svs,21816e393e2ae581dda7dce1e35f686e,791100979,released
f329e554-fdfd-4963-b150-754d8238c894,TCGA-B8-A54H-01Z-00-DX1.7DE86788-D09C-471E-B62D-2597EEAC3326.svs,d345a2de4c3299825b45d0db5d6dab25,1056566102,released
c5f49fee-d370-4409-abb9-52190119cfc3,TCGA-CZ-5466-01Z-00-DX1.f0fd74a8-2430-45dd-9c76-8794619ccf9d.svs,214670820306ffe45f992bf251175f26,1721305265,released
05d6fb18-7739-4273-b6e0-c854159fd019,TCGA-B0-5113-01Z-00-DX1.db0ceba9-8e15-4308-bd78-dc587f5606a0.svs,d60d6fa341f05de1992c708aa230a69c,858248195,released
d07b6b3c-09af-4900-ae81-0a11c4457074,TCGA-A3-3346-01Z-00-DX1.95280216-fd71-4a03-b452-6e3d667f2542.svs,6355f526463f89d50e40ff583c09f347,91319939,released
8fa214b5-8507-43a1-be5c-f5d416cd50ba,TCGA-B4-5838-01Z-00-DX1.0CC46AA4-5C2C-46FD-9C94-BD96FF287218.svs,5c70c278791aca4458eacc87ccbce8f0,555296045,released
71d0c34b-4d4b-4ab5-8c7e-266484024ed9,TCGA-CJ-5671-01Z-00-DX1.B5C9CA9F-A061-42EC-9A19-F0702F1577E5.svs,38cea825cf0fe825abced6a7622c5f15,394374668,released
69dddd9e-5a82-40dd-8a40-ff3e3fe729e2,TCGA-B0-5705-01Z-00-DX1.4544d10a-df2f-46f3-b174-94f72c9310aa.svs,6a48643650ecca37f091061eb413728c,1043891705,released
c478e7e1-f7ae-493c-a787-06968b964d43,TCGA-B8-A7U6-01Z-00-DX1.43BCA7B2-823E-4F38-BCF0-865E0FFF892A.svs,c37facdec38fcae50593ede90ca1d0a9,972550818,released
77009afa-dba7-4706-8f5e-7ae0f56c9330,TCGA-B8-A54I-01Z-00-DX1.76B5A794-746B-47DC-A771-3B56F24EF28B.svs,3e247e5ac8332ab89fecdd4357dc00d6,1556306986,released
cf697ef8-41c4-479c-acd9-3d0c60a86c6a,TCGA-CZ-5456-01Z-00-DX1.65910977-0870-43cf-8a78-91dd8a289312.svs,1ac4d528742ccce8ba6417d096058dec,1028367071,released
51687550-cbf5-4fc6-9678-e06b667e89e3,TCGA-BP-5007-01Z-00-DX1.3d9c2588-3310-4fbc-8bc0-7185e9b0d83b.svs,3fbd47fc58bc8b2f7eb7b12b9c1b31b7,1070947112,released
4f97c53e-a15a-44fa-8e27-5a390dd621f9,TCGA-B0-5699-01Z-00-DX1.e53ec6c8-f6c1-4669-bcdd-c2d04acc6a08.svs,48f25b5b3bf3f3dda3fd044925bdc541,1167460605,released
a7021e02-6a1e-4632-8f1a-3ba3cf6d4399,TCGA-CJ-6028-01Z-00-DX1.7D61411B-8B96-4D9A-9CAF-46D22ED72F93.svs,23d595be272242c23d7875da1f7c9697,2160187415,released
9245eabf-52ba-4a27-8cf6-55ebd2a9d670,TCGA-CZ-5460-01Z-00-DX1.369e0c80-f187-4e65-bf6b-e6e088fcc895.svs,4575c1904fab17a794ed1155e46816c3,1681951643,released
e3e39928-3e9d-4c6f-a6a9-ea04a5bcc0fb,TCGA-B8-5552-01Z-00-DX1.391C74B0-7381-40F8-88AF-B1687CB39F11.svs,8ac0c76099cfd328fcaf35082a1d050e,493065485,released
1461bbee-0b56-4e43-a1cc-db54e14bfc93,TCGA-3Z-A93Z-01Z-00-DX1.79F4D1A6-ACDB-4AB1-B8A8-C1CEE617C734.svs,88fe197e8737d1c3235acd1f5254cc9a,1850985717,released
a4f32038-1b01-4a39-9c23-4d6839ea94c9,TCGA-CJ-4882-01Z-00-DX1.C39D94E4-192C-4B0F-93E6-6A18AA9F11A8.svs,0094b82e48e4d4b1903072f98365e28c,1603432917,released
3d13cd60-1692-4a6e-a478-fb768f130d6a,TCGA-DV-A4VX-01Z-00-DX1.9E7036DB-6DD7-4D25-93BD-298206C85EDA.svs,1e118a9cdd8b9e5f6fb0aa22240cfdf6,1686203683,released
11e5f73a-df40-4c24-aced-b4b7729d1768,TCGA-BP-4982-01Z-00-DX1.c2a2e876-e500-412f-b937-30a3824af803.svs,2087dc428dea5449779513105a151069,1204801890,released
f3f3c730-f9dd-4b21-afe7-370d105327a4,TCGA-B0-5692-01Z-00-DX1.34477dae-21a5-45fc-b949-a1820e9d7a4d.svs,0376dfc0a432a46f275e09201de7d316,907478565,released
84988e96-3332-4a49-a6cd-1d8739f286e7,TCGA-B0-5095-01Z-00-DX1.4f173713-aa67-458f-82b5-7d2a46b7fb29.svs,d4aa802f9aa21d645aa7f7aaa5751ae8,698583073,released
e495e7e9-b8d5-4120-a6be-4ea4614f7c9e,TCGA-CZ-5459-01Z-00-DX1.300c3ae5-9e88-4336-9807-a61cd71d4f1b.svs,207238932e00e875ea08649916000b76,512876335,released
5e7a0237-551d-496f-8539-df15bc88d0c0,TCGA-BP-4962-01Z-00-DX1.49d7d740-c260-467d-8ce2-3bf4e6fe6ef0.svs,08e5315ca21f3497553476d6b04c1e9d,1242039036,released
8c4db453-43cb-4a67-aac1-e2957ff64680,TCGA-BP-5000-01Z-00-DX1.0915cb6f-f9b1-4ea8-a227-cbc559db4c6a.svs,076a274e9340d574f724f9a529eb7d79,793182006,released
49ae66b7-8af3-4964-bef2-51bf906d02d3,TCGA-B2-3923-01Z-00-DX1.48a5a3fc-18cb-4417-9638-a73d17b81085.svs,e85ac614e01db3eff61ab14380bdc4ff,290625677,released
e081d42c-a8da-4f9f-a727-6f754f29613f,TCGA-A3-3319-01Z-00-DX1.38d515b4-6488-421a-9d61-d1e92d98ddbe.svs,cbce9b96c5f1eda960dc107c6fa6a250,264657279,released
b1e9bd52-7d13-4bf4-9a3e-f382429c5d00,TCGA-CJ-4923-01Z-00-DX1.ADD3D7FE-46D1-49AF-B6D4-1FD07B761EF1.svs,139f6cbee67c3777f6bf01e4b46e9d30,2167673779,released
0f8c2eb7-0e98-4933-ac60-79a42f1d77ca,TCGA-CJ-4907-01Z-00-DX1.12558019-745F-4EDF-A0A2-3228B475379F.svs,f03b214f037d13642dd630296c3fa781,1872701941,released
4ca5eeb3-cea8-4152-9833-c9e99a404f92,TCGA-BP-5175-01Z-00-DX1.e954ae94-307c-475e-9f63-92ae1fe946d5.svs,0153ef0532635c228fb4bd8a73c5919c,1075482340,released
d0353ebc-7c65-4887-912b-c8ff12139d77,TCGA-A3-A6NL-01Z-00-DX1.7796AE2F-CC39-4266-A740-DBB04ACA869D.svs,4f0959531c880ea620e504c0e56a730a,345572480,released
36a6b8ee-b027-4822-aeb7-65934d53b9b2,TCGA-A3-3385-01Z-00-DX1.c7b1827d-aa03-4622-a736-e6f27992b7cd.svs,8cbf68e28ae0897df6245dfb6fcef36c,78884529,released
66a18593-c923-47cd-b175-009807b68e5f,TCGA-BP-5182-01Z-00-DX1.7c434449-e102-47ca-ab56-94f0621811f6.svs,74aa85ed09a008c0a8fdc8f422f67ee6,863970036,released
c7191f27-991c-4402-bd99-69483b3c9c36,TCGA-BP-4998-01Z-00-DX1.f3ea98d5-3807-47d3-bcd6-5501d7679b88.svs,83e7faf90dfd6319c269ef4297caae27,1011376730,released
c9d916af-41f8-47c1-8907-7f4f740eb567,TCGA-CJ-4634-01Z-00-DX1.565F5F92-0011-454D-9D1F-1F87603197F9.svs,5b1c95e226f3a762d4d2e61a9600e33f,1500091315,released
bf83e014-9f22-4137-a492-aff412c29afd,TCGA-B0-5107-01Z-00-DX1.2c11c70b-c063-4d59-903d-d39175e3c161.svs,56650c89b0b326b53be07de4982df095,963547087,released
4247f896-d7b3-4e9f-a428-912963a840e2,TCGA-BP-4983-01Z-00-DX1.6fe545db-0aee-49cc-93be-b87e9313b9d1.svs,af47a5c952aa472cc0917d7ef35d6c8d,1505647414,released
4be5d05a-fa19-42c0-9e9d-8d60418cf59e,TCGA-CJ-5678-01Z-00-DX1.E71A7F98-7D7F-4DFC-920F-27000010217F.svs,8da2db7fffc5e7f914a9a428981a7805,581214246,released
fe305f4d-c8e1-48df-b491-71044fa43ce6,TCGA-CZ-5468-01Z-00-DX1.e2bbe417-a24c-4511-934e-674221855695.svs,17374f1f177eec8492ae03f4886046f3,1333187701,released
d10abbb5-fc57-448a-8466-c0ed3cc06af9,TCGA-B0-5121-01Z-00-DX1.3e7c6f3c-998a-465f-a464-c301e71f2a89.svs,af1f0c8267f7f544bbe2515c649f57bf,536320825,released
adbd88a0-6bd4-425a-9fdb-60d1f8ca2616,TCGA-BP-5177-01Z-00-DX1.9c4f716d-a397-4deb-a760-4419f08e7182.svs,2e900a68de081a11b995c66e2a7eb4a6,863526262,released
e4272136-6041-4deb-b810-6b850a1a77ad,TCGA-CJ-5684-01Z-00-DX1.140EAE71-7E0C-43C0-ACA3-465D0B16A605.svs,ab6297e9340afde3abe5d0f8267fe3d4,566526382,released
ce4c71c7-7f70-462c-a509-de787fccadb3,TCGA-CZ-5451-01Z-00-DX1.52404227-5c75-4cee-9da9-9176f3f3f89c.svs,83016869fe239bb9f9a8401b532ffb4b,1432839377,released
21ee5810-727c-4b6d-a2d1-cff9e16bd3bf,TCGA-CJ-4644-01Z-00-DX1.130EA9F0-3583-492D-96DF-7BE75F3F4624.svs,8b31150fa5ad6ed954cd3a9ccd1b250c,1722171759,released
05ad3942-fd42-448a-ad45-6d46d46f8388,TCGA-B8-4153-01Z-00-DX1.55bba0a1-79c2-475d-ae98-81a17d832ba6.svs,bc0de7dedf155229883b59666e34479c,1337602519,released
536ddc3d-5080-43f7-bbc6-8288ff2a5bad,TCGA-B0-5100-01Z-00-DX1.52baec4e-41bf-4ddc-ac0d-8058f8078018.svs,4beef05f871999a0e6bb2a3813b70a33,844097507,released
73e759e9-8828-4f71-b3ce-bced39fa8ec3,TCGA-B2-5641-01Z-00-DX1.f8058caa-63f7-421d-9953-c060913c3404.svs,665bf131a6c7bae3ff62ed76c22489d0,330800603,released
c2d98513-2d9d-4867-8129-929ff164b203,TCGA-B8-A54D-01Z-00-DX1.DCD17375-918C-4AEA-96F0-7FF8FCF4D00B.svs,28fcfd0d962affa1a558c3318634c3d8,816613240,released
f3b6161e-675b-4231-96e5-588781ec33e1,TCGA-CZ-5463-01Z-00-DX1.3abac01c-cdd3-4ea2-9a2e-ac0bae861fc1.svs,cfd48b7c102bcdaebad8e4de56638a98,794969701,released
eac4941e-a401-4b08-b6c0-6e6ccc773142,TCGA-BP-5185-01Z-00-DX1.e965a765-7610-4299-8a21-b4e004f6892e.svs,8d686e8887452ae6bd544999d4b38ff0,1117722819,released
0281d58a-f524-4263-abec-743e8b4398ff,TCGA-DV-A4W0-05Z-00-DX1.873A695C-2FEC-4238-9DA5-45CBD2DF30D9.svs,d1718bb8810fe1e675ed9c29aa8e485e,1738289262,released
67524dff-853d-4637-9c4f-2ca4b7114944,TCGA-B8-5546-01Z-00-DX1.6c98ff0d-ffd9-46e7-9759-d3639e6dc07c.svs,22f09541945824e6368ca0265758664c,497845501,released
69d1fd17-8be8-4d4c-9452-abca786118fa,TCGA-B4-5843-01Z-00-DX1.6e020ad3-b4fc-4280-ab98-865eb075fe29.svs,eb619d7089b781b6e70d0596d0880132,343398459,released
f4c984af-c5c6-4026-81fa-be2471318143,TCGA-CZ-4859-01Z-00-DX1.ef46368c-c76e-4fc9-a620-65b7f63fb083.svs,193f92d48ec5bacbf9bf81a5b4cf6658,798741570,released
a1d416a0-0677-430b-838a-415cb52a202d,TCGA-A3-3308-01Z-00-DX1.bbd79ced-9fb9-4601-8ba0-b343da5f6f5b.svs,a012d6f8158083e917d823bdccdd660e,359408069,released
c3325388-e727-43f5-ad06-b78fd966d02c,TCGA-CZ-5470-01Z-00-DX1.5d2b135c-a5e2-4e8a-a8bc-068239738f24.svs,d40f784de62d46121fa821cd87854ec4,1500187375,released
aa20b53f-2be9-4c4e-8f98-a736c9f59946,TCGA-BP-4960-01Z-00-DX1.8ed78985-d391-4756-ab30-eca545091013.svs,6bd3a57299901286bbd5973113e76bc1,983652518,released
e09fcf47-92ac-4977-8818-d6ceb00d1386,TCGA-CJ-4641-01Z-00-DX1.887252E8-C300-4DB2-A6D2-BA47AC6EFBB2.svs,9d527a91b1afc2b11fcc9646decac7f0,1411270305,released
37d08405-fd8f-4a14-8327-4afe52fd8d8d,TCGA-B0-4945-01Z-00-DX1.590b650c-c9cb-4601-886c-fde0ccd9b90d.svs,da63877c85f5a506e261d38bdd202cc0,930922821,released
2991fda1-7e03-4345-ad24-bada948cd70b,TCGA-BP-5010-01Z-00-DX1.e906e855-5dc0-4c28-85e3-a0ce1af27f5d.svs,2e8e77e0268bc74ea3916aefd329d150,1357631930,released
8938401e-f984-4cab-a6a7-989f3defe021,TCGA-CJ-4903-01Z-00-DX1.6DB22AEA-582B-44CB-B153-CBBFE5042735.svs,a2acacfa0688efaa11c8b96c880a4970,1165620157,released
2b9f314d-aac1-491d-927d-ab73810f1a79,TCGA-CZ-4866-01Z-00-DX1.2ff53d7a-6969-4ece-81ce-e32345c323c0.svs,8f65557f3b11cd2b599000c5c02df4b9,793087030,released
f864e75e-4589-4adf-ac91-ff6282079b77,TCGA-B0-4698-01Z-00-DX1.e50fd25d-db5f-419f-b400-911fce1333d0.svs,43a1481b20f3f7e726d10a9cc5dafec4,1196475807,released
5bc9c1d0-f58d-447b-9812-b55544c85a2a,TCGA-BP-5190-01Z-00-DX1.1bc4a76e-f264-45fc-ad34-6c77593c4cc4.svs,b239fbaa74e6ac85baacea2e3a83605c,971001392,released
702dab72-5788-47f7-a6d3-2e743106d8ca,TCGA-B0-4818-01Z-00-DX1.b5b74b2d-0d2f-40b3-81c9-e2b570da5918.svs,1e8401d711e6b9939af66ca97dff8ad2,576184845,released
4c0f1ae5-e2bd-4b6d-836b-568d30345920,TCGA-CJ-4902-01Z-00-DX1.5A7985BA-A46C-4769-8C99-9CCCB3A5EDC8.svs,bb0485165b1bad256acaa4cc3ffa4187,826343001,released
caa2c4ad-abf2-4a69-b570-dc2e6406c9ea,TCGA-G6-A8L8-01Z-00-DX1.32E022BA-9959-4E2F-9D9D-AEEB5B7E7E9F.svs,8ba15d6585342165fab14c3c4f2025d8,1857519329,released
09f026c2-9973-4ed9-bbbd-f0d30c552bb3,TCGA-MM-A564-01Z-00-DX2.C54B9A26-7221-4B29-8331-6D8F8F52B058.svs,c6bcf8e87dfb2cfa151d37f7fc9638e8,2105735017,released
d8f72e82-5a78-4f89-b819-c1514ddf7b3d,TCGA-AK-3443-01Z-00-DX1.bf067de8-9ca9-4be2-b064-2257ee323a09.svs,9997064cdc022161aa76fddab8fadb8d,222444089,released
c0440270-f33e-4f7e-b824-3f3463a875c4,TCGA-G6-A8L7-01Z-00-DX1.6EE9797B-5DBA-48D9-A62A-9C9791CC54AE.svs,78896f20bdc164bed0b3c69680679903,1745759691,released
dae1caa4-f298-4ec5-be28-a00fed38423d,TCGA-B0-5077-01Z-00-DX1.f2aac4d2-8db1-4f99-855e-705ac1eddbef.svs,833c90d569eff0c30851bde0d21ed275,560075717,released
4fa98274-93f4-4a82-8ea1-027c451dbb0b,TCGA-B8-5545-01Z-00-DX1.28896ee1-da73-432d-b6f7-f0e9bc911aa8.svs,b6bc0ac48afcdf3351d8b1482e406975,616998467,released
158995d9-3485-4459-a17a-8c07944028bd,TCGA-B4-5835-01Z-00-DX1.55c88092-9092-4881-a8a1-88dafc0a58be.svs,8b98e75fee9d3f5ea9372bd1c1edc539,428785067,released
91159f6a-bb31-407e-98fc-cdc028ec4d1e,TCGA-A3-A6NN-01Z-00-DX1.4769C9A7-02D2-4080-8AA1-CD34F11CB344.svs,c9e444d69dbe70ef9da976dec9d27e43,328941856,released
46e1b27a-61f7-4948-8ce1-161efe8f74a1,TCGA-A3-3365-01Z-00-DX2.f6512c55-1887-495f-b628-9ee203ad59e9.svs,ceca1c243e031ae83d1ed7f431d87ffb,337201768,released
3543a8db-4b02-439b-a0d0-f17f714e1f22,TCGA-CJ-4638-01Z-00-DX1.DD6F1D27-5258-4831-A296-427338F6C9A1.svs,1054fcbec2a56b3d4eec82b44df228f6,1338231203,released
1ee98f01-6e86-49e4-8f12-1448d9f61176,TCGA-B0-4706-01Z-00-DX1.a29630d2-be74-4245-8d47-2e1694bea5e4.svs,f9f5d2acd1ec63909bcc46175912743a,1209776359,released
a03be16e-edd1-46ef-828b-3b5a243ef03c,TCGA-A3-3313-01Z-00-DX1.10f8cd5e-1c4f-4bb4-96f3-c612f093fc80.svs,ccd1eae38007434260d89d4d052507a6,604720119,released
b4d14612-beac-4424-874a-425f5ab158b4,TCGA-CZ-5461-01Z-00-DX1.0a5231b0-7d37-470f-8497-5f1fb5e42d86.svs,737e6ed6992ea30d2ca416af1a060d0d,942481709,released
e0f98326-3d2a-47f3-ba1b-b29c69838347,TCGA-A3-3326-01Z-00-DX1.2caeb5df-3522-4205-80ca-3373026f49b9.svs,fe36ac0bd7e52400f32f721fc37898d7,593448575,released
039da29c-6fdd-4333-9dd4-68f19d267571,TCGA-B0-5706-01Z-00-DX1.3e5b4737-48e5-44af-b029-f4091812c13b.svs,f4075d72619ac3136fab19dfcd0bc746,947660503,released
3abfee49-8825-4bb3-aeba-72621817886f,TCGA-A3-3383-01Z-00-DX1.47624bec-fdf1-48d6-8cd6-04cad2948117.svs,2a875e9eb4a6023a33acebc4121c65ec,279977183,released
e427290a-79c4-4157-b29e-0679cfe114e4,TCGA-B8-A54E-01Z-00-DX1.336165F7-BBAC-4FA8-B776-E12483C60B62.svs,2b8a79ced473a05a70a7237239b888ed,1767407646,released
ca176c81-8084-493c-9efd-37950452aba9,TCGA-B0-5081-01Z-00-DX1.2fed8120-8e9c-4a23-bd1b-645f91450464.svs,55450738a67acbd08e9ad228c0b4fbbc,1353995383,released
6d8caf8b-a815-42bc-bb36-ca52862b24c6,TCGA-EU-5906-01Z-00-DX1.49598f26-e980-424e-be04-98c9f6cb3d25.svs,6dd8e54b09977f7302acfcbb1a35e257,975631967,released
4d47189e-a279-4ef4-b1fb-326b71016420,TCGA-CJ-5682-01Z-00-DX1.3EF3DECB-B0D4-4963-9817-087F79844DA2.svs,48b9c75683eedcbb7e2ddd29b9e0658f,450572626,released
3af1b9b2-0b97-4890-880e-11fab2516893,TCGA-A3-3367-01Z-00-DX1.9fca6a91-bb71-4632-8b20-e9f4d7030699.svs,aba5016adf51a9d8f824bcb9ca2743fc,167871643,released
24669523-2db0-40d0-9197-3b00d132fa9b,TCGA-CZ-5455-01Z-00-DX1.f62e1d32-8a1e-4708-a0ba-93516a0b3dab.svs,591ba967207e603cfca7b7104638b852,1528398285,released
335da73f-76b5-442b-99d8-17427fc97411,TCGA-BP-5194-01Z-00-DX1.396df9e6-7305-4e25-9c15-64bbc431e568.svs,87add5e2f4726a87bc08ef514c912674,1347995298,released
409cd9ce-682f-4196-a224-e8e15c33e28e,TCGA-B0-4852-01Z-00-DX1.b3511f16-8d4e-4fa4-9f67-8309f277f167.svs,8d5baaf21fa77e45b0715b5f2c0890d8,749764671,released
e798a91c-ace5-4c04-aa67-e0b3a534e594,TCGA-B8-4154-01Z-00-DX1.b74b690e-366d-4eff-b216-c01a75596902.svs,ae4b1c61e3167ff729406a71382ea070,149642305,released
95fa0b7a-32f5-4a6e-b5ad-90dbed49debe,TCGA-A3-3317-01Z-00-DX1.ca503755-bfa6-462b-b37e-09e8ca97edeb.svs,bff88e4c61774d3d94f51175d15059b9,162968131,released
2a2ce247-1605-49d6-9e95-19f54f886098,TCGA-B0-5711-01Z-00-DX1.6839921f-ec08-4e94-8bf9-4b5a4fcdda45.svs,6b92287ea30b2bb04c8771ab89cf4929,1041743063,released
4483f839-2565-449b-9a15-5289654d4598,TCGA-B2-A4SR-01Z-00-DX1.CC86884F-7784-495E-AFA0-FE57E4E6BADF.svs,c20a53191986e6737197f0be0eb96dc9,650008699,released
48af9702-466a-4888-bb16-0b8cf89048cc,TCGA-BP-4992-01Z-00-DX1.3f676d40-00de-4eb4-971d-6b93ed165cf5.svs,9d24735714d13c0e790daa55ac156100,1016669476,released
887be6ff-8c51-45ab-aa35-3d9810a41260,TCGA-AK-3453-01Z-00-DX1.39B363CD-9995-4077-9C44-3A2F4792A510.svs,5b479a5fd389710ce9d3a48a2f03af4c,444027429,released
